dt,sensor,lux,con,spl
2016-06-21 00:00:00,sensor_0,0.0,2834.03125,66.3084790577
2016-06-21 00:00:00,sensor_2,0.0,1691.99625,70.3759431913
2016-06-21 00:00:00,sensor_3,0.0,1686.44125,76.2357382632
2016-06-21 00:00:00,sensor_4,0.0,2324.65875,70.6523338747
2016-06-21 04:00:00,sensor_0,3213.5,2748.28875,81.4674363436
2016-06-21 04:00:00,sensor_2,1703.0,2550.945,72.3344504836
2016-06-21 04:00:00,sensor_3,712.5,2041.33,79.4458694591
2016-06-21 04:00:00,sensor_4,3057.75,3041.73875,81.4994221277
2016-06-21 08:00:00,sensor_0,24532.625,2720.35125,80.0205999133
2016-06-21 08:00:00,sensor_2,19257.5,3088.8275,76.3720470741
2016-06-21 08:00:00,sensor_3,2152.875,2369.7175,80.7386086616
2016-06-21 08:00:00,sensor_4,14859.0,2757.6725,77.7855652235
2016-06-21 12:00:00,sensor_0,40268.25,2443.72875,76.5258758139
2016-06-21 12:00:00,sensor_2,11213.125,2561.64625,77.5717150166
2016-06-21 12:00:00,sensor_3,6361.5,1985.25625,81.8616837594
2016-06-21 12:00:00,sensor_4,34566.5,2409.32625,73.5031354534
2016-06-21 16:00:00,sensor_0,17189.75,2717.49625,80.0205999133
2016-06-21 16:00:00,sensor_2,5939.25,2721.79125,75.6358367493
2016-06-21 16:00:00,sensor_3,4337.125,2255.3775,79.6751134061
2016-06-21 16:00:00,sensor_4,13819.375,2944.80375,74.0617969824
2016-06-21 20:00:00,sensor_0,157.75,2839.575,72.0617997398
2016-06-21 20:00:00,sensor_2,94.0,2011.69375,72.5786515757
2016-06-21 20:00:00,sensor_3,59.125,1768.385,78.1283848848
2016-06-21 20:00:00,sensor_4,190.75,1992.24,72.3947398322
2016-06-22 00:00:00,sensor_0,0.0,2451.52875,66.3084790577
2016-06-22 00:00:00,sensor_2,0.0,1588.41375,70.1269989675
2016-06-22 00:00:00,sensor_3,0.0,1907.6975,73.4843096255
2016-06-22 00:00:00,sensor_4,0.0,1999.24125,69.8044511904
2016-06-22 04:00:00,sensor_0,4075.875,2161.75,69.9176003469
2016-06-22 04:00:00,sensor_2,4251.125,2007.6925,72.0395720837
2016-06-22 04:00:00,sensor_3,816.375,2125.37125,79.4454744707
2016-06-22 04:00:00,sensor_4,4537.5,2763.72125,70.8119308229
2016-06-22 08:00:00,sensor_0,27930.75,2714.7975,77.0762972869
2016-06-22 08:00:00,sensor_2,14378.0,2652.43875,77.1846144206
2016-06-22 08:00:00,sensor_3,2226.375,3012.7775,78.9683334141
2016-06-22 08:00:00,sensor_4,20280.0,3028.1925,73.6167485623
2016-06-22 12:00:00,sensor_0,44426.625,2786.37125,88.6478751965
2016-06-22 12:00:00,sensor_2,8121.25,2528.38625,78.1364706029
2016-06-22 12:00:00,sensor_3,5074.875,3450.05375,81.4589132048
2016-06-22 12:00:00,sensor_4,33164.75,2453.33875,87.0135106985
2016-06-22 16:00:00,sensor_0,19103.125,2547.83625,80.6991223227
2016-06-22 16:00:00,sensor_2,4638.0,2516.44375,77.0970660182
2016-06-22 16:00:00,sensor_3,4209.375,2337.99625,76.497049493
2016-06-22 16:00:00,sensor_4,11140.125,2202.265,81.2225310167
2016-06-22 20:00:00,sensor_0,180.125,2470.1975,69.9176003469
2016-06-22 20:00:00,sensor_2,115.25,1657.26875,74.8602877791
2016-06-22 20:00:00,sensor_3,77.375,2010.21875,77.4954154306
2016-06-22 20:00:00,sensor_4,250.625,2024.15,71.8518928392
2016-06-23 00:00:00,sensor_0,0.0,2349.26,64.881360887
2016-06-23 00:00:00,sensor_2,0.0,1488.98375,71.5870978268
2016-06-23 00:00:00,sensor_3,0.0,1791.2875,73.9354347739
2016-06-23 00:00:00,sensor_4,0.0,1741.175,70.3216887806
2016-06-23 04:00:00,sensor_0,4068.75,2857.1825,67.5338721925
2016-06-23 04:00:00,sensor_2,2264.375,1853.7675,72.4894658013
2016-06-23 04:00:00,sensor_3,953.625,2386.17375,76.070163761
2016-06-23 04:00:00,sensor_4,4003.875,2419.2325,70.9686481243
2016-06-23 08:00:00,sensor_0,22954.25,3342.97625,72.5883785143
2016-06-23 08:00:00,sensor_2,15352.375,2683.32375,74.1982619407
2016-06-23 08:00:00,sensor_3,5075.125,2810.55625,82.1232929723
2016-06-23 08:00:00,sensor_4,27865.75,2983.7175,71.7107203978
2016-06-23 12:00:00,sensor_0,33231.375,7509.04875,76.8446598359
2016-06-23 12:00:00,sensor_2,14753.625,2405.71125,76.4531436665
2016-06-23 12:00:00,sensor_3,7879.75,2857.315,82.4158984757
2016-06-23 12:00:00,sensor_4,33577.0,8536.32875,72.262107774
2016-06-23 16:00:00,sensor_0,14234.875,2972.10125,75.0230504489
2016-06-23 16:00:00,sensor_2,4765.25,1866.3175,76.7665124508
2016-06-23 16:00:00,sensor_3,3210.125,2202.18125,80.0611809168
2016-06-23 16:00:00,sensor_4,10981.75,2921.46875,72.9042778873
2016-06-23 20:00:00,sensor_0,126.75,2769.56375,73.3228346548
2016-06-23 20:00:00,sensor_2,86.875,1505.5325,72.2035013093
2016-06-23 20:00:00,sensor_3,53.75,2264.93875,78.5820949524
2016-06-23 20:00:00,sensor_4,172.5,2503.91625,69.9802485721
2016-06-24 00:00:00,sensor_0,0.0,2883.735,63.1727569805
2016-06-24 00:00:00,sensor_2,0.0,1733.47125,71.0565524668
2016-06-24 00:00:00,sensor_3,0.0,1794.35625,70.4729733985
2016-06-24 00:00:00,sensor_4,0.0,2436.06,69.6244700474
2016-06-24 04:00:00,sensor_0,3439.625,2784.95875,72.9633672345
2016-06-24 04:00:00,sensor_2,3523.25,2491.0175,73.8232833162
2016-06-24 04:00:00,sensor_3,656.375,2163.055,78.3293047733
2016-06-24 04:00:00,sensor_4,3318.625,3159.51625,71.7113717739
2016-06-24 08:00:00,sensor_0,16731.625,2918.5975,76.686730219
2016-06-24 08:00:00,sensor_2,13909.875,2407.0975,75.0551894373
2016-06-24 08:00:00,sensor_3,1950.375,2867.7825,79.8436987211
2016-06-24 08:00:00,sensor_4,4651.75,2734.2375,74.3830291746
2016-06-24 12:00:00,sensor_0,5454.875,4268.22375,85.8490870111
2016-06-24 12:00:00,sensor_2,5473.0,2371.1425,76.7874239142
2016-06-24 12:00:00,sensor_3,3831.875,4316.285,81.0824847055
2016-06-24 12:00:00,sensor_4,20026.25,2768.5175,83.6089665848
2016-06-24 16:00:00,sensor_0,17326.25,3416.27875,78.7357819882
2016-06-24 16:00:00,sensor_2,3505.75,2462.61375,74.6180685193
2016-06-24 16:00:00,sensor_3,3739.0,2344.2025,80.2236797374
2016-06-24 16:00:00,sensor_4,9883.75,3414.48875,79.0303669638
2016-06-24 20:00:00,sensor_0,157.625,3353.78875,74.5265787744
2016-06-24 20:00:00,sensor_2,107.75,1952.50375,73.8567131969
2016-06-24 20:00:00,sensor_3,75.25,2174.03625,80.1116691462
2016-06-24 20:00:00,sensor_4,230.375,2803.53875,70.6518433665
2016-06-25 00:00:00,sensor_0,0.0,2836.56,68.4031860681
2016-06-25 00:00:00,sensor_2,0.0,2298.47875,70.5338209252
2016-06-25 00:00:00,sensor_3,0.0,1865.41,74.7766045554
2016-06-25 00:00:00,sensor_4,0.0,2483.3125,69.4406804435
2016-06-25 04:00:00,sensor_0,3082.375,3017.26,67.9794000867
2016-06-25 04:00:00,sensor_2,3280.5,2461.28,69.7617283356
2016-06-25 04:00:00,sensor_3,559.875,1827.17375,75.8045097265
2016-06-25 04:00:00,sensor_4,2585.25,2603.505,69.9802485721
2016-06-25 08:00:00,sensor_0,21034.75,3158.91375,76.5258758139
2016-06-25 08:00:00,sensor_2,13452.875,3083.4825,73.923615289
2016-06-25 08:00:00,sensor_3,1721.625,2762.3425,80.5316612383
2016-06-25 08:00:00,sensor_4,4761.375,2954.9075,72.2628809383
2016-06-25 12:00:00,sensor_0,23035.125,2709.1875,78.4152330795
2016-06-25 12:00:00,sensor_2,7054.875,2321.385,75.4541740246
2016-06-25 12:00:00,sensor_3,4172.625,1965.17625,78.3318527539
2016-06-25 12:00:00,sensor_4,24547.375,2692.8725,74.6887603978
2016-06-25 16:00:00,sensor_0,15936.375,2236.9425,79.6886146769
2016-06-25 16:00:00,sensor_2,2374.5,1699.17125,71.4839952134
2016-06-25 16:00:00,sensor_3,2930.75,1854.05875,81.4574676105
2016-06-25 16:00:00,sensor_4,7233.875,2080.6975,75.0842580787
2016-06-25 20:00:00,sensor_0,175.125,2594.2475,75.0230504489
2016-06-25 20:00:00,sensor_2,114.625,1729.84125,71.9179373471
2016-06-25 20:00:00,sensor_3,76.0,1937.2375,82.1235280814
2016-06-25 20:00:00,sensor_4,246.75,2156.935,70.4882500544
2016-06-26 00:00:00,sensor_0,0.0,2156.685,69.5630250077
2016-06-26 00:00:00,sensor_2,0.0,1658.82,72.1921829608
2016-06-26 00:00:00,sensor_3,0.0,1819.09875,78.1948897752
2016-06-26 00:00:00,sensor_4,0.0,2307.68,69.9807785101
2016-06-26 04:00:00,sensor_0,3491.625,2129.61875,67.7594924007
2016-06-26 04:00:00,sensor_2,3575.25,2105.245,68.8969869425
2016-06-26 04:00:00,sensor_3,636.75,1876.6825,72.6256654487
2016-06-26 04:00:00,sensor_4,3420.0,2522.09,69.6244700474
2016-06-26 08:00:00,sensor_0,17494.5,2355.6325,71.5012252678
2016-06-26 08:00:00,sensor_2,14483.5,2513.52375,73.1800659678
2016-06-26 08:00:00,sensor_3,2731.875,2365.8,74.8756905627
2016-06-26 08:00:00,sensor_4,4504.375,2728.635,71.2735446851
2016-06-26 12:00:00,sensor_0,5088.25,2862.50375,83.8970004336
2016-06-26 12:00:00,sensor_2,6324.0,2057.1475,77.6767627396
2016-06-26 12:00:00,sensor_3,4061.625,2297.36,81.9061963007
2016-06-26 12:00:00,sensor_4,22047.875,2434.5775,76.6606287649
2016-06-26 16:00:00,sensor_0,16427.375,3342.08,82.3825861548
2016-06-26 16:00:00,sensor_2,3129.25,2331.305,74.5034821538
2016-06-26 16:00:00,sensor_3,3548.5,2140.6125,76.6621295008
2016-06-26 16:00:00,sensor_4,9120.875,2466.6425,75.083702214
2016-06-26 20:00:00,sensor_0,193.0,2821.91125,74.3197621077
2016-06-26 20:00:00,sensor_2,132.625,1676.8875,73.0637265123
2016-06-26 20:00:00,sensor_3,91.625,1788.09,73.8369104951
2016-06-26 20:00:00,sensor_4,277.625,2724.10875,70.4882500544
2016-06-27 00:00:00,sensor_0,0.0,2570.56125,71.2067601314
2016-06-27 00:00:00,sensor_2,0.0,2037.58625,70.3715159382
2016-06-27 00:00:00,sensor_3,0.0,1873.90375,73.8313687375
2016-06-27 00:00:00,sensor_4,0.0,2788.3,70.1535974133
2016-06-27 04:00:00,sensor_0,3384.25,3148.09875,73.5544721058
2016-06-27 04:00:00,sensor_2,3442.375,2076.255,71.4407826848
2016-06-27 04:00:00,sensor_3,627.25,1751.15375,80.1121749321
2016-06-27 04:00:00,sensor_4,3462.875,2716.1025,71.2706747418
2016-06-27 08:00:00,sensor_0,22738.125,2693.875,79.3434345681
2016-06-27 08:00:00,sensor_2,15645.375,2651.1875,74.5271727099
2016-06-27 08:00:00,sensor_3,2776.875,2462.49375,78.7199519347
2016-06-27 08:00:00,sensor_4,10109.125,2618.305,72.7816939641
2016-06-27 12:00:00,sensor_0,28065.75,3524.3525,84.3042260866
2016-06-27 12:00:00,sensor_2,10008.125,2956.91625,75.3282881927
2016-06-27 12:00:00,sensor_3,5855.0,3061.90375,79.731265561
2016-06-27 12:00:00,sensor_4,32921.5,3757.48875,78.1309570638
2016-06-27 16:00:00,sensor_0,19750.75,4123.045,85.0958381948
2016-06-27 16:00:00,sensor_2,6128.75,3402.76375,74.1812036805
2016-06-27 16:00:00,sensor_3,4665.75,3708.8075,77.1304076473
2016-06-27 16:00:00,sensor_4,14284.0,4246.49625,76.899772974
2016-06-27 20:00:00,sensor_0,44.0,42612.265,76.7660539633
2016-06-27 20:00:00,sensor_2,32.0,2918.4875,71.075436405
2016-06-27 20:00:00,sensor_3,16.5,2412.955,78.9664601917
2016-06-27 20:00:00,sensor_4,64.125,3656.21125,73.5042522753
2016-06-28 00:00:00,sensor_0,0.0,3011.03625,71.5012252678
2016-06-28 00:00:00,sensor_2,0.0,2266.00625,70.7393366212
2016-06-28 00:00:00,sensor_3,3.5,2075.565,75.0667554186
2016-06-28 00:00:00,sensor_4,0.0,2709.67625,70.6513528305
2016-06-28 04:00:00,sensor_0,67.5,2623.94625,74.8278537032
2016-06-28 04:00:00,sensor_2,1504.625,2170.49375,71.7609032045
2016-06-28 04:00:00,sensor_3,681.875,1899.29625,77.1218110072
2016-06-28 04:00:00,sensor_4,2957.875,2427.27,71.2743033743
2016-06-28 08:00:00,sensor_0,0.0,3482.635,74.8278537032
2016-06-28 08:00:00,sensor_2,6574.5,2416.54625,74.5271272731
2016-06-28 08:00:00,sensor_3,2726.25,2602.60375,81.5500922404
2016-06-28 08:00:00,sensor_4,13596.5,3506.54625,72.2638996388
2016-06-28 12:00:00,sensor_0,10434.0,2960.315,77.8764005203
2016-06-28 12:00:00,sensor_2,16275.125,2425.57125,75.2414838448
2016-06-28 12:00:00,sensor_3,8026.125,2792.0825,78.1317315028
2016-06-28 12:00:00,sensor_4,35022.125,3118.32625,74.1697261524
2016-06-28 16:00:00,sensor_0,13774.375,10970.135,75.2139568071
2016-06-28 16:00:00,sensor_2,7245.125,2159.825,73.2040985191
2016-06-28 16:00:00,sensor_3,3732.5,2220.485,79.5049999583
2016-06-28 16:00:00,sensor_4,15266.25,2289.18875,74.4864430538
2016-06-28 20:00:00,sensor_0,67.5,2165.5275,64.5654755433
2016-06-28 20:00:00,sensor_2,57.875,1932.4075,70.0283276108
2016-06-28 20:00:00,sensor_3,21.625,2008.04,75.2646721887
2016-06-28 20:00:00,sensor_4,113.125,3561.375,71.56478064
2016-06-29 00:00:00,sensor_0,0.0,2523.52625,70.0896037821
2016-06-29 00:00:00,sensor_2,0.0,1818.99125,70.1684326565
2016-06-29 00:00:00,sensor_3,0.0,1872.82375,73.7117011918
2016-06-29 00:00:00,sensor_4,0.0,2089.77,69.6244700474
2016-06-29 04:00:00,sensor_0,5655.375,10369.65375,75.0230504489
2016-06-29 04:00:00,sensor_2,3370.0,2011.4,71.5329165002
2016-06-29 04:00:00,sensor_3,534.125,2208.00625,77.7058100096
2016-06-29 04:00:00,sensor_4,3239.625,2674.9575,70.4887498883
2016-06-29 08:00:00,sensor_0,33249.25,2930.27,73.3228346548
2016-06-29 08:00:00,sensor_2,31263.75,2135.48125,75.4362515644
2016-06-29 08:00:00,sensor_3,3850.0,4500.1025,80.2752161104
2016-06-29 08:00:00,sensor_4,37083.625,2521.87,73.0291553284
2016-06-29 12:00:00,sensor_0,1222.2,1895.61,74.340666786
2016-06-29 12:00:00,sensor_2,9872.0,6415.7025,75.3565459201
2016-06-29 12:00:00,sensor_3,5028.0,7042.19375,80.1702587207
2016-06-29 12:00:00,sensor_4,30427.375,4818.005,72.9068911857
2016-06-29 16:00:00,sensor_0,0.0,1920.22125,71.5012252678
2016-06-29 16:00:00,sensor_2,3026.75,2208.6025,77.2577715806
2016-06-29 16:00:00,sensor_3,3557.625,2289.36875,79.3876695744
2016-06-29 16:00:00,sensor_4,10334.125,2248.785,74.9879820965
2016-06-29 20:00:00,sensor_0,101.25,2195.10375,67.5338721925
2016-06-29 20:00:00,sensor_2,79.0,1800.59875,71.8732654867
2016-06-29 20:00:00,sensor_3,74.375,1893.1775,74.8858959122
2016-06-29 20:00:00,sensor_4,281.125,2334.37875,73.7328196664
2016-06-30 00:00:00,sensor_0,10792.625,2407.35625,75.762721774
2016-06-30 00:00:00,sensor_2,0.0,1802.66375,73.1630775766
2016-06-30 00:00:00,sensor_3,0.0,1854.5425,74.9760146729
2016-06-30 00:00:00,sensor_4,0.0,1976.6625,71.2714538439
2016-06-30 04:00:00,sensor_0,15413.75,2020.09875,75.8509041521
2016-06-30 04:00:00,sensor_2,1867.625,2012.52125,73.1185701243
2016-06-30 04:00:00,sensor_3,455.75,2029.2375,77.8458141163
2016-06-30 04:00:00,sensor_4,2312.5,2310.82625,70.486940515
2016-06-30 08:00:00,sensor_0,34419.5,2908.5325,78.7984962652
2016-06-30 08:00:00,sensor_2,13717.25,2819.79,76.9344624448
2016-06-30 08:00:00,sensor_3,1237.0,2179.77875,82.3755324531
2016-06-30 08:00:00,sensor_4,4769.75,2551.85875,72.1293364413
2016-06-30 12:00:00,sensor_0,4582.625,3239.755,78.9225825133
2016-06-30 12:00:00,sensor_2,4150.0,2137.30625,77.1520718118
2016-06-30 12:00:00,sensor_3,3692.0,2019.905,80.6386366584
2016-06-30 12:00:00,sensor_4,24217.5,2658.31625,72.5254521279
2016-06-30 16:00:00,sensor_0,0.0,2553.5475,75.1190281066
2016-06-30 16:00:00,sensor_2,2712.75,1867.78125,78.2619313196
2016-06-30 16:00:00,sensor_3,3328.375,1995.11125,82.2903496526
2016-06-30 16:00:00,sensor_4,10005.625,2453.54,74.6904291739
2016-06-30 20:00:00,sensor_0,104.375,2713.84,66.0411998266
2016-06-30 20:00:00,sensor_2,81.0,1708.97625,75.0845679523
2016-06-30 20:00:00,sensor_3,73.625,1889.39,78.0628195614
2016-06-30 20:00:00,sensor_4,248.0,2605.68,71.7125803671
2016-07-01 00:00:00,sensor_0,12718.75,2884.055,74.3197621077
2016-07-01 00:00:00,sensor_2,0.0,1715.53625,70.6040161587
2016-07-01 00:00:00,sensor_3,0.0,2151.45875,74.7682343409
2016-07-01 00:00:00,sensor_4,0.0,2243.90875,69.9802485721
2016-07-01 04:00:00,sensor_0,44847.625,3095.6,79.0449210095
2016-07-01 04:00:00,sensor_2,2236.25,2058.23125,74.0426365262
2016-07-01 04:00:00,sensor_3,901.75,1867.82625,77.5689041439
2016-07-01 04:00:00,sensor_4,5174.75,2137.3425,71.1218157981
2016-07-01 08:00:00,sensor_0,30495.625,3168.89,84.661453201
2016-07-01 08:00:00,sensor_2,19660.625,2575.7025,75.4233625734
2016-07-01 08:00:00,sensor_3,5489.0,2665.255,79.029899065
2016-07-01 08:00:00,sensor_4,41880.625,3313.1375,73.9489127519
2016-07-01 12:00:00,sensor_0,6932.5,2636.56875,77.2273600447
2016-07-01 12:00:00,sensor_2,14932.25,2739.82375,77.4842575492
2016-07-01 12:00:00,sensor_3,8449.125,2559.3325,80.1698977792
2016-07-01 12:00:00,sensor_4,40735.0,2966.8025,78.398634936
2016-07-01 16:00:00,sensor_0,0.0,2126.215,77.1521570672
2016-07-01 16:00:00,sensor_2,4450.0,2657.8925,76.3266673206
2016-07-01 16:00:00,sensor_3,2862.125,2398.10125,79.2116447358
2016-07-01 16:00:00,sensor_4,13103.875,3072.615,78.3944366384
2016-07-01 20:00:00,sensor_0,94.75,2405.83875,76.1949447543
2016-07-01 20:00:00,sensor_2,63.125,1881.91375,74.8590226435
2016-07-01 20:00:00,sensor_3,36.25,1536.96125,79.7252123519
2016-07-01 20:00:00,sensor_4,170.25,2158.7975,75.715877451
2016-07-02 00:00:00,sensor_0,12758.125,2271.68125,82.7866538766
2016-07-02 00:00:00,sensor_2,0.0,1996.84875,72.8642452895
2016-07-02 00:00:00,sensor_3,0.0,1767.0725,76.2210384257
2016-07-02 00:00:00,sensor_4,0.0,2411.705,71.8475524282
2016-07-02 04:00:00,sensor_0,43631.375,2269.195,85.2458572891
2016-07-02 04:00:00,sensor_2,1942.625,2137.6525,71.3702337202
2016-07-02 04:00:00,sensor_3,497.75,1671.9975,71.1072210005
2016-07-02 04:00:00,sensor_4,2357.625,1999.0625,82.2500733256
2016-07-02 08:00:00,sensor_0,40940.125,2199.9925,85.904411336
2016-07-02 08:00:00,sensor_2,16270.75,1961.58125,75.2453191434
2016-07-02 08:00:00,sensor_3,3040.5,1878.82375,76.973602682
2016-07-02 08:00:00,sensor_4,29966.875,1687.49625,83.5010694191
2016-07-02 12:00:00,sensor_0,3535.125,2597.7,77.7363024889
2016-07-02 12:00:00,sensor_2,9203.625,2358.03125,77.2430410067
2016-07-02 12:00:00,sensor_3,6089.25,2000.4025,77.4287580632
2016-07-02 12:00:00,sensor_4,36907.125,1519.1675,83.1293383576
2016-07-02 16:00:00,sensor_0,0.0,1569.4825,70.2582671329
2016-07-02 16:00:00,sensor_2,4238.375,2021.965,74.7507513907
2016-07-02 16:00:00,sensor_3,3606.5,2202.87125,80.9835008841
2016-07-02 16:00:00,sensor_4,13139.5,2000.93875,79.8422872033
2016-07-02 20:00:00,sensor_0,106.0,1647.84875,60.5471786877
2016-07-02 20:00:00,sensor_2,80.75,1485.0175,73.7169871167
2016-07-02 20:00:00,sensor_3,64.625,2176.96125,77.4960087677
2016-07-02 20:00:00,sensor_4,248.5,2037.005,71.5681005682
2016-07-03 00:00:00,sensor_0,14573.5,2413.36875,66.567778601
2016-07-03 00:00:00,sensor_2,0.0,1585.71125,69.6214186503
2016-07-03 00:00:00,sensor_3,0.0,1443.1675,73.1274596876
2016-07-03 00:00:00,sensor_4,0.0,2040.9325,68.453323448
2016-07-03 04:00:00,sensor_0,41364.375,1953.63625,73.3228346548
2016-07-03 04:00:00,sensor_2,2268.125,1701.33,71.1289366304
2016-07-03 04:00:00,sensor_3,707.625,1507.59375,72.3750864108
2016-07-03 04:00:00,sensor_4,4228.75,2171.33125,68.2137010647
2016-07-03 08:00:00,sensor_0,26405.625,2372.84125,80.6991223227
2016-07-03 08:00:00,sensor_2,12047.75,1725.30375,74.2115754925
2016-07-03 08:00:00,sensor_3,4445.0,1554.5025,74.569680208
2016-07-03 08:00:00,sensor_4,40030.5,2046.46,70.6505377269
2016-07-03 12:00:00,sensor_0,5228.25,2606.55125,80.5471786877
2016-07-03 12:00:00,sensor_2,11084.125,1935.88,76.929338857
2016-07-03 12:00:00,sensor_3,7052.375,1367.24625,75.5492071294
2016-07-03 12:00:00,sensor_4,38112.375,2060.605,72.3952394912
2016-07-03 16:00:00,sensor_0,0.0,2241.1675,72.8401610604
2016-07-03 16:00:00,sensor_2,4688.625,1683.895,74.2009131944
2016-07-03 16:00:00,sensor_3,3546.375,1688.99125,73.1501716319
2016-07-03 16:00:00,sensor_4,14415.125,2085.59625,73.5052962336
2016-07-03 20:00:00,sensor_0,100.875,2005.8275,60.5471786877
2016-07-03 20:00:00,sensor_2,73.5,1628.815,72.6692380879
2016-07-03 20:00:00,sensor_3,52.25,1581.95625,76.0758266995
2016-07-03 20:00:00,sensor_4,216.0,1956.915,73.0235474954
2016-07-04 00:00:00,sensor_0,10879.25,1711.7475,69.0024505357
2016-07-04 00:00:00,sensor_2,0.0,1877.32875,69.1683423793
2016-07-04 00:00:00,sensor_3,0.0,1507.95875,72.7266410353
2016-07-04 00:00:00,sensor_4,0.0,2069.6625,68.4458457041
2016-07-04 04:00:00,sensor_0,9696.0,1924.13875,79.4019256284
2016-07-04 04:00:00,sensor_2,1865.25,1895.13375,69.9753553352
2016-07-04 04:00:00,sensor_3,458.125,1648.94375,76.5534761727
2016-07-04 04:00:00,sensor_4,2306.5,1892.9375,66.8367400366
2016-07-04 08:00:00,sensor_0,17201.0,2371.32375,85.4806253546
2016-07-04 08:00:00,sensor_2,14246.75,2201.60875,73.7206417735
2016-07-04 08:00:00,sensor_3,1318.0,2663.12375,78.7173480464
2016-07-04 08:00:00,sensor_4,4728.0,2053.17,71.2730322279
2016-07-04 12:00:00,sensor_0,3145.75,2338.81875,82.9818506224
2016-07-04 12:00:00,sensor_2,4612.125,1607.42625,75.7311156418
2016-07-04 12:00:00,sensor_3,4075.0,1807.38125,74.6855994437
2016-07-04 12:00:00,sensor_4,23064.5,2266.445,76.8991235346
2016-07-04 16:00:00,sensor_0,0.0,2983.3925,71.5012252678
2016-07-04 16:00:00,sensor_2,4006.875,1839.7075,77.9620938656
2016-07-04 16:00:00,sensor_3,3564.5,2050.1325,75.821504491
2016-07-04 16:00:00,sensor_4,12479.125,2362.11,75.9964895048
2016-07-04 20:00:00,sensor_0,37.0,1593.78875,66.3084790577
2016-07-04 20:00:00,sensor_2,22.875,1996.76,76.3393709683
2016-07-04 20:00:00,sensor_3,13.0,1962.96875,74.2753449479
2016-07-04 20:00:00,sensor_4,57.75,2664.16625,74.3789477845
2016-07-05 00:00:00,sensor_0,14514.5,2441.99875,73.5544721058
2016-07-05 00:00:00,sensor_2,0.0,1330.37375,69.4060179435
2016-07-05 00:00:00,sensor_3,33.75,1211.3125,73.8290566006
2016-07-05 00:00:00,sensor_4,0.0,1600.76625,69.6235757587
2016-07-05 04:00:00,sensor_0,43256.5,2036.97625,74.7285853125
2016-07-05 04:00:00,sensor_2,968.25,1461.88125,71.9090385624
2016-07-05 04:00:00,sensor_3,33.75,1454.58,77.8469022257
2016-07-05 04:00:00,sensor_4,2910.75,2045.245,70.9686481243
2016-07-05 08:00:00,sensor_0,42733.6,1557.736,75.583624921
2016-07-05 08:00:00,sensor_2,13711.625,1559.495,75.359069314
2016-07-05 08:00:00,sensor_3,5076.25,3045.07,79.2694862257
2016-07-05 08:00:00,sensor_4,41264.125,1979.32375,72.9052198746
2016-07-05 12:00:00,sensor_0,1465.0,2692.825,71.5012252678
2016-07-05 12:00:00,sensor_2,8347.75,1680.4375,76.02340857
2016-07-05 12:00:00,sensor_3,6696.25,2341.755,78.844848068
2016-07-05 12:00:00,sensor_4,37687.375,4089.42,72.3966753712
2016-07-05 16:00:00,sensor_0,0.0,2438.2675,73.5544721058
2016-07-05 16:00:00,sensor_2,1975.5,2135.28875,76.6927137571
2016-07-05 16:00:00,sensor_3,3048.375,3766.225,78.780223802
2016-07-05 16:00:00,sensor_4,8705.25,2038.2575,73.3884902353
2016-07-05 20:00:00,sensor_0,101.25,2088.87875,66.567778601
2016-07-05 20:00:00,sensor_2,72.75,1510.77875,73.6506629208
2016-07-05 20:00:00,sensor_3,70.625,1809.29375,77.9213084548
2016-07-05 20:00:00,sensor_4,277.75,2245.69375,70.3230447955
2016-07-06 00:00:00,sensor_0,11616.375,2854.5725,70.4237176522
2016-07-06 00:00:00,sensor_2,0.0,1415.2,71.6205414914
2016-07-06 00:00:00,sensor_3,0.0,1893.855,72.3576661581
2016-07-06 00:00:00,sensor_4,0.0,2446.6525,69.4406804435
2016-07-06 04:00:00,sensor_0,15407.375,2486.30875,74.8278537032
2016-07-06 04:00:00,sensor_2,1618.75,1975.365,76.2868406035
2016-07-06 04:00:00,sensor_3,540.0,2050.3975,80.7855540028
2016-07-06 04:00:00,sensor_4,3366.75,2572.77625,71.7122931691
2016-07-06 08:00:00,sensor_0,39952.375,2857.81375,81.5132722792
2016-07-06 08:00:00,sensor_2,8607.125,2693.19125,75.4485663558
2016-07-06 08:00:00,sensor_3,1345.125,2146.25625,81.1783295926
2016-07-06 08:00:00,sensor_4,4777.25,2555.0975,72.1280280594
2016-07-06 12:00:00,sensor_0,2892.625,2734.44,79.7448342236
2016-07-06 12:00:00,sensor_2,5828.375,2208.92875,77.3900251189
2016-07-06 12:00:00,sensor_3,4941.25,1903.5325,82.2065895055
2016-07-06 12:00:00,sensor_4,28119.75,13388.5,73.3869880605
2016-07-06 16:00:00,sensor_0,0.0,2680.4325,70.74545405
2016-07-06 16:00:00,sensor_2,1943.125,1779.05,78.8715834755
2016-07-06 16:00:00,sensor_3,2954.875,1922.28375,80.6366302313
2016-07-06 16:00:00,sensor_4,8710.875,6720.19875,77.2018085034
2016-07-06 20:00:00,sensor_0,93.5,2240.76,66.0411998266
2016-07-06 20:00:00,sensor_2,68.0,1434.225,72.0549793584
2016-07-06 20:00:00,sensor_3,57.0,1548.41875,80.1120483922
2016-07-06 20:00:00,sensor_4,237.375,4137.54875,70.4882500544
2016-07-07 00:00:00,sensor_0,13314.375,2311.30875,70.74545405
2016-07-07 00:00:00,sensor_2,0.0,1494.7925,71.1289366304
2016-07-07 00:00:00,sensor_3,0.0,1629.77,73.5995814402
2016-07-07 00:00:00,sensor_4,0.0,7314.865,69.9802485721
2016-07-07 04:00:00,sensor_0,39378.75,2807.6,80.340362021
2016-07-07 04:00:00,sensor_2,1635.75,3718.23625,71.1182499405
2016-07-07 04:00:00,sensor_3,551.5,1912.08625,78.1906125805
2016-07-07 04:00:00,sensor_4,3642.5,1965.26,70.9686481243
2016-07-07 08:00:00,sensor_0,38091.0,3207.6675,84.3042260866
2016-07-07 08:00:00,sensor_2,12781.75,5965.44375,75.7385066215
2016-07-07 08:00:00,sensor_3,3573.875,1930.9175,80.0082309432
2016-07-07 08:00:00,sensor_4,26159.875,9312.9375,72.3956408001
2016-07-07 12:00:00,sensor_0,6267.5,3703.2,76.7660539633
2016-07-07 12:00:00,sensor_2,11290.125,2817.00875,77.0956498454
2016-07-07 12:00:00,sensor_3,6990.125,1963.7625,81.8196709309
2016-07-07 12:00:00,sensor_4,40255.75,2527.98,75.1797923865
2016-07-07 16:00:00,sensor_2,3916.5,3201.01,77.562569388
2016-07-07 16:00:00,sensor_3,3370.0,2359.89375,78.5926987212
2016-07-07 16:00:00,sensor_4,14136.125,13499.985,75.0799339951
2016-07-07 20:00:00,sensor_2,88.375,7805.96125,73.5564865078
2016-07-07 20:00:00,sensor_3,59.375,2333.66875,79.5018215541
2016-07-07 20:00:00,sensor_4,292.375,10725.07625,70.6497225468
2016-07-08 00:00:00,sensor_2,0.0,3868.5325,72.9990437721
2016-07-08 00:00:00,sensor_3,0.0,1926.615,70.9413568102
2016-07-08 00:00:00,sensor_4,0.0,2595.125,69.8039103841
2016-07-08 04:00:00,sensor_0,20283.5714286,2546.04285714,80.6198643808
2016-07-08 04:00:00,sensor_2,1755.75,2160.08,72.9113122993
2016-07-08 04:00:00,sensor_3,657.0,2187.48125,77.6389938746
2016-07-08 04:00:00,sensor_4,4070.75,9611.72,71.7114610137
2016-07-08 08:00:00,sensor_0,25959.5,2715.86166667,82.0738467512
2016-07-08 08:00:00,sensor_2,11234.625,2249.615,76.942270145
2016-07-08 08:00:00,sensor_3,2075.125,2704.03125,80.5874044924
2016-07-08 08:00:00,sensor_4,15045.75,30462.6575,72.3949106919
2016-07-08 12:00:00,sensor_2,7856.5,2078.94125,76.5442335704
2016-07-08 12:00:00,sensor_3,5822.5,3547.25375,79.3882927826
2016-07-08 12:00:00,sensor_4,36006.875,6300.91,81.5943329943
2016-07-08 16:00:00,sensor_2,2819.375,4234.35125,74.3659283009
2016-07-08 16:00:00,sensor_3,2530.0,2261.71875,78.9039372458
2016-07-08 16:00:00,sensor_4,9701.25,23540.73,80.9369057144
2016-07-08 20:00:00,sensor_2,73.0,9319.34625,73.9978446626
2016-07-08 20:00:00,sensor_3,45.0,2729.37,80.4819635547
2016-07-08 20:00:00,sensor_4,251.625,2837.98375,78.0643761271
2016-07-09 00:00:00,sensor_2,0.0,2853.9675,68.1656117194
2016-07-09 00:00:00,sensor_3,0.0,2648.28125,71.84640775
2016-07-09 00:00:00,sensor_4,0.0,3286.895,75.5477468459
2016-07-09 04:00:00,sensor_0,20956.0,3919.89,87.0642502755
2016-07-09 04:00:00,sensor_2,520.5,5558.5475,69.4686355743
2016-07-09 04:00:00,sensor_3,307.375,2107.53,76.4926188376
2016-07-09 04:00:00,sensor_4,1468.625,2539.60125,71.9868005489
2016-07-09 08:00:00,sensor_0,3215.875,3987.2875,74.5265787744
2016-07-09 08:00:00,sensor_2,8155.625,2044.9,73.0070452917
2016-07-09 08:00:00,sensor_3,4659.125,2554.4075,78.3314939836
2016-07-09 08:00:00,sensor_4,24706.375,2512.8625,74.5856925059
2016-07-09 12:00:00,sensor_0,0.0,3971.27666667,78.4369749923
2016-07-09 12:00:00,sensor_2,10762.75,2202.42625,72.5443304772
2016-07-09 12:00:00,sensor_3,6606.375,2881.86,78.0612507688
2016-07-09 12:00:00,sensor_4,33864.25,3455.08875,75.0843377293
2016-07-09 16:00:00,sensor_2,2876.5,2905.75375,71.9179373471
2016-07-09 16:00:00,sensor_3,1876.875,3460.695,79.5532900057
2016-07-09 16:00:00,sensor_4,9296.875,6980.6575,74.7904080726
2016-07-09 20:00:00,sensor_2,8.875,2170.84375,70.0283276108
2016-07-09 20:00:00,sensor_3,7.125,1904.09,76.8153860958
2016-07-09 20:00:00,sensor_4,28.75,7032.005,72.1133279385
2016-07-10 00:00:00,sensor_2,0.0,1797.79,69.6125012974
2016-07-10 00:00:00,sensor_3,0.0,1656.01875,70.1072313979
2016-07-10 00:00:00,sensor_4,0.0,1687.145,66.2896019424
2016-07-10 04:00:00,sensor_2,1902.75,4825.765,71.4328261099
2016-07-10 04:00:00,sensor_3,743.5,1766.4725,70.7583449206
2016-07-10 04:00:00,sensor_4,3783.375,1909.8325,68.2416319245
2016-07-10 08:00:00,sensor_2,14877.75,2222.9225,73.4768847056
2016-07-10 08:00:00,sensor_3,3677.25,1561.66625,75.2645704097
2016-07-10 08:00:00,sensor_4,37156.5,18395.095,70.3230447955
2016-07-10 12:00:00,sensor_2,9469.625,2111.5425,77.9800778338
2016-07-10 12:00:00,sensor_3,6543.375,1704.435,80.9840862983
2016-07-10 12:00:00,sensor_4,38199.125,7324.75875,75.5498735796
2016-07-10 16:00:00,sensor_2,4462.5,4185.56,75.4588583655
2016-07-10 16:00:00,sensor_3,4040.125,1660.3075,76.9719608461
2016-07-10 16:00:00,sensor_4,15162.25,4852.1325,82.8194609664
2016-07-10 20:00:00,sensor_0,11020.875,2173.72375,75.583624921
2016-07-10 20:00:00,sensor_2,67.125,5429.00625,73.0090347681
2016-07-10 20:00:00,sensor_3,52.0,1393.295,77.0459668762
2016-07-10 20:00:00,sensor_4,238.0,7121.71875,82.0367678282
2016-07-11 00:00:00,sensor_0,31239.5,2542.76875,76.7660539633
2016-07-11 00:00:00,sensor_2,0.0,5074.4125,69.9084955284
2016-07-11 00:00:00,sensor_3,0.0,1592.26375,76.7324689356
2016-07-11 00:00:00,sensor_4,0.0,1739.8725,72.521762134
2016-07-11 04:00:00,sensor_0,2267.75,2820.72375,74.0
2016-07-11 04:00:00,sensor_2,1442.75,4064.5125,72.8967616958
2016-07-11 04:00:00,sensor_3,417.5,1790.52375,76.246167784
2016-07-11 04:00:00,sensor_4,2239.0,2160.75625,72.7796997226
2016-07-11 08:00:00,sensor_0,0.0,2030.015,69.3801574189
2016-07-11 08:00:00,sensor_2,11264.375,1978.58,75.6346674888
2016-07-11 08:00:00,sensor_3,2386.25,2068.68625,79.9519788595
2016-07-11 08:00:00,sensor_4,18965.5,12186.73375,74.6890871418
2016-07-11 12:00:00,sensor_0,517.25,1844.7425,72.4596963142
2016-07-11 12:00:00,sensor_2,4809.125,1822.2825,75.8283922495
2016-07-11 12:00:00,sensor_3,3819.625,1823.415,78.2657933296
2016-07-11 12:00:00,sensor_4,24739.125,17538.6225,73.2686640551
2016-07-11 16:00:00,sensor_0,10537.6666667,1854.35166667,75.8216093869
2016-07-11 16:00:00,sensor_2,2671.66666667,1998.335,76.4262537813
2016-07-11 16:00:00,sensor_3,3664.5,1905.74333333,76.5774758215
2016-07-11 16:00:00,sensor_4,11581.1666667,6097.67,73.6574951607
